IP地址,端口,TLS,数据中心,地区,国际代码,国家,城市,网络延迟,下载速度MB/s
103.21.245.0,443,TRUE,中国,中国,中国,中国,中国,500,10
103.22.200.0,443,TRUE,日本,日本,日本,日本,日本,500,10
103.22.201.0,443,TRUE,日本,日本,日本,日本,日本,500,10
103.22.202.0,443,TRUE,中国,中国,中国,中国,中国,500,10
103.22.203.0,443,TRUE,中国,中国,中国,中国,中国,500,10
108.162.208.0,443,TRUE,加拿大,加拿大,加拿大,加拿大,加拿大,500,10
108.162.222.0,443,TRUE,中国,中国,中国,中国,中国,500,10
108.162.223.0,443,TRUE,中国,中国,中国,中国,中国,500,10
108.162.228.0,443,TRUE,法国,法国,法国,法国,法国,500,10
108.162.229.0,443,TRUE,法国,法国,法国,法国,法国,500,10
108.162.239.0,443,TRUE,加拿大,加拿大,加拿大,加拿大,加拿大,500,10
108.162.240.0,443,TRUE,加拿大,加拿大,加拿大,加拿大,加拿大,500,10
108.162.241.0,443,TRUE,加拿大,加拿大,加拿大,加拿大,加拿大,500,10
108.162.242.0,443,TRUE,加拿大,加拿大,加拿大,加拿大,加拿大,500,10
108.162.247.0,443,TRUE,澳大利亚,澳大利亚,澳大利亚,澳大利亚,澳大利亚,500,10
108.162.248.0,443,TRUE,澳大利亚,澳大利亚,澳大利亚,澳大利亚,澳大利亚,500,10
108.162.249.0,443,TRUE,澳大利亚,澳大利亚,澳大利亚,澳大利亚,澳大利亚,500,10
108.162.250.0,443,TRUE,澳大利亚,澳大利亚,澳大利亚,澳大利亚,澳大利亚,500,10
108.162.252.0,443,TRUE,韩国,韩国,韩国,韩国,韩国,500,10
131.0.72.0,443,TRUE,巴西,巴西,巴西,巴西,巴西,500,10
131.0.73.0,443,TRUE,巴西,巴西,巴西,巴西,巴西,500,10
131.0.74.0,443,TRUE,巴西,巴西,巴西,巴西,巴西,500,10
131.0.75.0,443,TRUE,巴西,巴西,巴西,巴西,巴西,500,10
141.101.64.0,443,TRUE,荷兰,荷兰,荷兰,荷兰,荷兰,500,10
141.101.65.0,443,TRUE,荷兰,荷兰,荷兰,荷兰,荷兰,500,10
141.101.66.0,443,TRUE,法国,法国,法国,法国,法国,500,10
141.101.67.0,443,TRUE,法国,法国,法国,法国,法国,500,10
141.101.68.0,443,TRUE,法国,法国,法国,法国,法国,500,10
141.101.69.0,443,TRUE,法国,法国,法国,法国,法国,500,10
141.101.70.0,443,TRUE,英国,英国,英国,英国,英国,500,10
141.101.71.0,443,TRUE,英国,英国,英国,英国,英国,500,10
141.101.75.0,443,TRUE,荷兰,荷兰,荷兰,荷兰,荷兰,500,10
141.101.76.0,443,TRUE,荷兰,荷兰,荷兰,荷兰,荷兰,500,10
141.101.77.0,443,TRUE,荷兰,荷兰,荷兰,荷兰,荷兰,500,10
141.101.78.0,443,TRUE,欧洲,欧洲,欧洲,欧洲,欧洲,500,10
141.101.79.0,443,TRUE,欧洲,欧洲,欧洲,欧洲,欧洲,500,10
141.101.80.0,443,TRUE,欧洲,欧洲,欧洲,欧洲,欧洲,500,10
141.101.81.0,443,TRUE,欧洲,欧洲,欧洲,欧洲,欧洲,500,10
141.101.82.0,443,TRUE,韩国,韩国,韩国,韩国,韩国,500,10
141.101.83.0,443,TRUE,韩国,韩国,韩国,韩国,韩国,500,10
141.101.84.0,443,TRUE,韩国,韩国,韩国,韩国,韩国,500,10
141.101.85.0,443,TRUE,韩国,韩国,韩国,韩国,韩国,500,10
141.101.86.0,443,TRUE,欧洲,欧洲,欧洲,欧洲,欧洲,500,10
141.101.87.0,443,TRUE,欧洲,欧洲,欧洲,欧洲,欧洲,500,10
141.101.88.0,443,TRUE,欧洲,欧洲,欧洲,欧洲,欧洲,500,10
141.101.89.0,443,TRUE,欧洲,欧洲,欧洲,欧洲,欧洲,500,10
141.101.90.0,443,TRUE,欧洲,欧洲,欧洲,欧洲,欧洲,500,10
141.101.91.0,443,TRUE,欧洲,欧洲,欧洲,欧洲,欧洲,500,10
141.101.92.0,443,TRUE,欧洲,欧洲,欧洲,欧洲,欧洲,500,10
141.101.93.0,443,TRUE,欧洲,欧洲,欧洲,欧洲,欧洲,500,10
141.101.94.0,443,TRUE,捷克,捷克,捷克,捷克,捷克,500,10
141.101.95.0,443,TRUE,捷克,捷克,捷克,捷克,捷克,500,10
141.101.96.0,443,TRUE,捷克,捷克,捷克,捷克,捷克,500,10
141.101.97.0,443,TRUE,捷克,捷克,捷克,捷克,捷克,500,10
141.101.98.0,443,TRUE,英国,英国,英国,英国,英国,500,10
141.101.99.0,443,TRUE,英国,英国,英国,英国,英国,500,10
141.101.100.0,443,TRUE,智利,智利,智利,智利,智利,500,10
141.101.101.0,443,TRUE,智利,智利,智利,智利,智利,500,10
141.101.102.0,443,TRUE,智利,智利,智利,智利,智利,500,10
141.101.103.0,443,TRUE,智利,智利,智利,智利,智利,500,10
141.101.104.0,443,TRUE,荷兰,荷兰,荷兰,荷兰,荷兰,500,10
141.101.105.0,443,TRUE,荷兰,荷兰,荷兰,荷兰,荷兰,500,10
141.101.106.0,443,TRUE,英国,英国,英国,英国,英国,500,10
141.101.107.0,443,TRUE,英国,英国,英国,英国,英国,500,10
141.101.108.0,443,TRUE,哥伦比亚,哥伦比亚,哥伦比亚,哥伦比亚,哥伦比亚,500,10
141.101.109.0,443,TRUE,哥伦比亚,哥伦比亚,哥伦比亚,哥伦比亚,哥伦比亚,500,10
141.101.110.0,443,TRUE,哥伦比亚,哥伦比亚,哥伦比亚,哥伦比亚,哥伦比亚,500,10
141.101.111.0,443,TRUE,哥伦比亚,哥伦比亚,哥伦比亚,哥伦比亚,哥伦比亚,500,10
162.158.0.0,443,TRUE,澳大利亚,澳大利亚,澳大利亚,澳大利亚,澳大利亚,500,10
162.158.1.0,443,TRUE,澳大利亚,澳大利亚,澳大利亚,澳大利亚,澳大利亚,500,10
162.158.2.0,443,TRUE,澳大利亚,澳大利亚,澳大利亚,澳大利亚,澳大利亚,500,10
162.158.3.0,443,TRUE,澳大利亚,澳大利亚,澳大利亚,澳大利亚,澳大利亚,500,10
162.158.4.0,443,TRUE,日本,日本,日本,日本,日本,500,10
162.158.5.0,443,TRUE,日本,日本,日本,日本,日本,500,10
162.158.6.0,443,TRUE,日本,日本,日本,日本,日本,500,10
162.158.7.0,443,TRUE,日本,日本,日本,日本,日本,500,10
162.158.8.0,443,TRUE,卡塔尔,卡塔尔,卡塔尔,卡塔尔,卡塔尔,500,10
162.158.9.0,443,TRUE,卡塔尔,卡塔尔,卡塔尔,卡塔尔,卡塔尔,500,10
162.158.10.0,443,TRUE,卡塔尔,卡塔尔,卡塔尔,卡塔尔,卡塔尔,500,10
162.158.11.0,443,TRUE,危地马拉,危地马拉,危地马拉,危地马拉,危地马拉,500,10
162.158.12.0,443,TRUE,科威特,科威特,科威特,科威特,科威特,500,10
162.158.13.0,443,TRUE,科威特,科威特,科威特,科威特,科威特,500,10
162.158.14.0,443,TRUE,科威特,科威特,科威特,科威特,科威特,500,10
162.158.15.0,443,TRUE,科威特,科威特,科威特,科威特,科威特,500,10
162.158.16.0,443,TRUE,罗马尼亚,罗马尼亚,罗马尼亚,罗马尼亚,罗马尼亚,500,10
162.158.17.0,443,TRUE,罗马尼亚,罗马尼亚,罗马尼亚,罗马尼亚,罗马尼亚,500,10
162.158.18.0,443,TRUE,罗马尼亚,罗马尼亚,罗马尼亚,罗马尼亚,罗马尼亚,500,10
162.158.19.0,443,TRUE,罗马尼亚,罗马尼亚,罗马尼亚,罗马尼亚,罗马尼亚,500,10
162.158.20.0,443,TRUE,法国,法国,法国,法国,法国,500,10
162.158.21.0,443,TRUE,法国,法国,法国,法国,法国,500,10
162.158.22.0,443,TRUE,法国,法国,法国,法国,法国,500,10
162.158.23.0,443,TRUE,法国,法国,法国,法国,法国,500,10
162.158.24.0,443,TRUE,马来西亚,马来西亚,马来西亚,马来西亚,马来西亚,500,10
162.158.25.0,443,TRUE,马来西亚,马来西亚,马来西亚,马来西亚,马来西亚,500,10
162.158.26.0,443,TRUE,马来西亚,马来西亚,马来西亚,马来西亚,马来西亚,500,10
162.158.27.0,443,TRUE,爱尔兰,爱尔兰,爱尔兰,爱尔兰,爱尔兰,500,10
162.158.28.0,443,TRUE,阿曼,阿曼,阿曼,阿曼,阿曼,500,10
162.158.29.0,443,TRUE,阿曼,阿曼,阿曼,阿曼,阿曼,500,10
162.158.30.0,443,TRUE,阿曼,阿曼,阿曼,阿曼,阿曼,500,10
162.158.31.0,443,TRUE,印度,印度,印度,印度,印度,500,10
162.158.32.0,443,TRUE,英国,英国,英国,英国,英国,500,10
162.158.33.0,443,TRUE,英国,英国,英国,英国,英国,500,10
162.158.34.0,443,TRUE,英国,英国,英国,英国,英国,500,10
162.158.35.0,443,TRUE,英国,英国,英国,英国,英国,500,10
162.158.36.0,443,TRUE,爱尔兰,爱尔兰,爱尔兰,爱尔兰,爱尔兰,500,10
162.158.37.0,443,TRUE,爱尔兰,爱尔兰,爱尔兰,爱尔兰,爱尔兰,500,10
162.158.38.0,443,TRUE,爱尔兰,爱尔兰,爱尔兰,爱尔兰,爱尔兰,500,10
162.158.40.0,443,TRUE,肯尼亚,肯尼亚,肯尼亚,肯尼亚,肯尼亚,500,10
162.158.41.0,443,TRUE,肯尼亚,肯尼亚,肯尼亚,肯尼亚,肯尼亚,500,10
162.158.42.0,443,TRUE,肯尼亚,肯尼亚,肯尼亚,肯尼亚,肯尼亚,500,10
162.158.43.0,443,TRUE,肯尼亚,肯尼亚,肯尼亚,肯尼亚,肯尼亚,500,10
162.158.44.0,443,TRUE,印度,印度,印度,印度,印度,500,10
162.158.45.0,443,TRUE,印度,印度,印度,印度,印度,500,10
162.158.46.0,443,TRUE,印度,印度,印度,印度,印度,500,10
162.158.47.0,443,TRUE,印度,印度,印度,印度,印度,500,10
162.158.48.0,443,TRUE,印度,印度,印度,印度,印度,500,10
162.158.49.0,443,TRUE,印度,印度,印度,印度,印度,500,10
162.158.50.0,443,TRUE,印度,印度,印度,印度,印度,500,10
162.158.51.0,443,TRUE,印度,印度,印度,印度,印度,500,10
162.158.52.0,443,TRUE,印度,印度,印度,印度,印度,500,10
162.158.53.0,443,TRUE,印度,印度,印度,印度,印度,500,10
162.158.54.0,443,TRUE,印度,印度,印度,印度,印度,500,10
162.158.55.0,443,TRUE,印度,印度,印度,印度,印度,500,10
162.158.56.0,443,TRUE,阿联酋,阿联酋,阿联酋,阿联酋,阿联酋,500,10
162.158.59.0,443,TRUE,科威特,科威特,科威特,科威特,科威特,500,10
162.158.80.0,443,TRUE,巴勒斯坦,巴勒斯坦,巴勒斯坦,巴勒斯坦,巴勒斯坦,500,10
162.158.81.0,443,TRUE,哥斯达黎加,哥斯达黎加,哥斯达黎加,哥斯达黎加,哥斯达黎加,500,10
162.158.82.0,443,TRUE,德国,德国,德国,德国,德国,500,10
162.158.83.0,443,TRUE,德国,德国,德国,德国,德国,500,10
162.158.84.0,443,TRUE,德国,德国,德国,德国,德国,500,10
162.158.85.0,443,TRUE,德国,德国,德国,德国,德国,500,10
162.158.86.0,443,TRUE,德国,德国,德国,德国,德国,500,10
162.158.87.0,443,TRUE,德国,德国,德国,德国,德国,500,10
162.158.88.0,443,TRUE,德国,德国,德国,德国,德国,500,10
162.158.89.0,443,TRUE,德国,德国,德国,德国,德国,500,10
162.158.90.0,443,TRUE,德国,德国,德国,德国,德国,500,10
162.158.91.0,443,TRUE,德国,德国,德国,德国,德国,500,10
162.158.92.0,443,TRUE,德国,德国,德国,德国,德国,500,10
162.158.93.0,443,TRUE,德国,德国,德国,德国,德国,500,10
162.158.94.0,443,TRUE,德国,德国,德国,德国,德国,500,10
162.158.95.0,443,TRUE,德国,德国,德国,德国,德国,500,10
162.158.96.0,443,TRUE,阿联酋,阿联酋,阿联酋,阿联酋,阿联酋,500,10
162.158.97.0,443,TRUE,阿联酋,阿联酋,阿联酋,阿联酋,阿联酋,500,10
162.158.98.0,443,TRUE,阿联酋,阿联酋,阿联酋,阿联酋,阿联酋,500,10
162.158.99.0,443,TRUE,智利,智利,智利,智利,智利,500,10
162.158.100.0,443,TRUE,波兰,波兰,波兰,波兰,波兰,500,10
162.158.101.0,443,TRUE,波兰,波兰,波兰,波兰,波兰,500,10
162.158.102.0,443,TRUE,波兰,波兰,波兰,波兰,波兰,500,10
162.158.103.0,443,TRUE,波兰,波兰,波兰,波兰,波兰,500,10
162.158.108.0,443,TRUE,荷兰,荷兰,荷兰,荷兰,荷兰,500,10
162.158.109.0,443,TRUE,荷兰,荷兰,荷兰,荷兰,荷兰,500,10
162.158.110.0,443,TRUE,荷兰,荷兰,荷兰,荷兰,荷兰,500,10
162.158.111.0,443,TRUE,荷兰,荷兰,荷兰,荷兰,荷兰,500,10
162.158.112.0,443,TRUE,德国,德国,德国,德国,德国,500,10
162.158.113.0,443,TRUE,德国,德国,德国,德国,德国,500,10
162.158.114.0,443,TRUE,德国,德国,德国,德国,德国,500,10
162.158.116.0,443,TRUE,日本,日本,日本,日本,日本,500,10
162.158.117.0,443,TRUE,日本,日本,日本,日本,日本,500,10
162.158.118.0,443,TRUE,日本,日本,日本,日本,日本,500,10
162.158.119.0,443,TRUE,日本,日本,日本,日本,日本,500,10
162.158.124.0,443,TRUE,加拿大,加拿大,加拿大,加拿大,加拿大,500,10
162.158.125.0,443,TRUE,加拿大,加拿大,加拿大,加拿大,加拿大,500,10
162.158.126.0,443,TRUE,加拿大,加拿大,加拿大,加拿大,加拿大,500,10
162.158.127.0,443,TRUE,加拿大,加拿大,加拿大,加拿大,加拿大,500,10
162.158.128.0,443,TRUE,埃及,埃及,埃及,埃及,埃及,500,10
162.158.129.0,443,TRUE,埃及,埃及,埃及,埃及,埃及,500,10
162.158.130.0,443,TRUE,埃及,埃及,埃及,埃及,埃及,500,10
162.158.131.0,443,TRUE,埃及,埃及,埃及,埃及,埃及,500,10
162.158.132.0,443,TRUE,丹麦,丹麦,丹麦,丹麦,丹麦,500,10
162.158.133.0,443,TRUE,丹麦,丹麦,丹麦,丹麦,丹麦,500,10
162.158.134.0,443,TRUE,丹麦,丹麦,丹麦,丹麦,丹麦,500,10
162.158.136.0,443,TRUE,菲律宾,菲律宾,菲律宾,菲律宾,菲律宾,500,10
162.158.137.0,443,TRUE,菲律宾,菲律宾,菲律宾,菲律宾,菲律宾,500,10
162.158.138.0,443,TRUE,菲律宾,菲律宾,菲律宾,菲律宾,菲律宾,500,10
162.158.139.0,443,TRUE,菲律宾,菲律宾,菲律宾,菲律宾,菲律宾,500,10
162.158.143.0,443,TRUE,马尔代夫,马尔代夫,马尔代夫,马尔代夫,马尔代夫,500,10
162.158.144.0,443,TRUE,加拿大,加拿大,加拿大,加拿大,加拿大,500,10
162.158.145.0,443,TRUE,加拿大,加拿大,加拿大,加拿大,加拿大,500,10
162.158.146.0,443,TRUE,加拿大,加拿大,加拿大,加拿大,加拿大,500,10
162.158.147.0,443,TRUE,巴拉圭,巴拉圭,巴拉圭,巴拉圭,巴拉圭,500,10
162.158.148.0,443,TRUE,瑞士,瑞士,瑞士,瑞士,瑞士,500,10
162.158.149.0,443,TRUE,瑞士,瑞士,瑞士,瑞士,瑞士,500,10
162.158.150.0,443,TRUE,瑞士,瑞士,瑞士,瑞士,瑞士,500,10
162.158.151.0,443,TRUE,格鲁吉亚,格鲁吉亚,格鲁吉亚,格鲁吉亚,格鲁吉亚,500,10
162.158.152.0,443,TRUE,英国,英国,英国,英国,英国,500,10
162.158.153.0,443,TRUE,英国,英国,英国,英国,英国,500,10
162.158.154.0,443,TRUE,英国,英国,英国,英国,英国,500,10
162.158.155.0,443,TRUE,英国,英国,英国,英国,英国,500,10
162.158.156.0,443,TRUE,英国,英国,英国,英国,英国,500,10
162.158.157.0,443,TRUE,英国,英国,英国,英国,英国,500,10
162.158.158.0,443,TRUE,英国,英国,英国,英国,英国,500,10
162.158.159.0,443,TRUE,英国,英国,英国,英国,英国,500,10
162.158.160.0,443,TRUE,新加坡,新加坡,新加坡,新加坡,新加坡,500,10
162.158.161.0,443,TRUE,新加坡,新加坡,新加坡,新加坡,新加坡,500,10
162.158.162.0,443,TRUE,新加坡,新加坡,新加坡,新加坡,新加坡,500,10
162.158.163.0,443,TRUE,新加坡,新加坡,新加坡,新加坡,新加坡,500,10
162.158.164.0,443,TRUE,新加坡,新加坡,新加坡,新加坡,新加坡,500,10
162.158.165.0,443,TRUE,新加坡,新加坡,新加坡,新加坡,新加坡,500,10
162.158.166.0,443,TRUE,新加坡,新加坡,新加坡,新加坡,新加坡,500,10
162.158.167.0,443,TRUE,新加坡,新加坡,新加坡,新加坡,新加坡,500,10
162.158.168.0,443,TRUE,新加坡,新加坡,新加坡,新加坡,新加坡,500,10
162.158.169.0,443,TRUE,新加坡,新加坡,新加坡,新加坡,新加坡,500,10
162.158.170.0,443,TRUE,新加坡,新加坡,新加坡,新加坡,新加坡,500,10
162.158.171.0,443,TRUE,新加坡,新加坡,新加坡,新加坡,新加坡,500,10
162.158.172.0,443,TRUE,新加坡,新加坡,新加坡,新加坡,新加坡,500,10
162.158.173.0,443,TRUE,新加坡,新加坡,新加坡,新加坡,新加坡,500,10
162.158.174.0,443,TRUE,新加坡,新加坡,新加坡,新加坡,新加坡,500,10
162.158.175.0,443,TRUE,新加坡,新加坡,新加坡,新加坡,新加坡,500,10
162.158.176.0,443,TRUE,中国,中国,中国,中国,中国,500,10
162.158.177.0,443,TRUE,中国,中国,中国,中国,中国,500,10
162.158.178.0,443,TRUE,中国,中国,中国,中国,中国,500,10
162.158.179.0,443,TRUE,中国,中国,中国,中国,中国,500,10
162.158.180.0,443,TRUE,瑞典,瑞典,瑞典,瑞典,瑞典,500,10
162.158.181.0,443,TRUE,瑞典,瑞典,瑞典,瑞典,瑞典,500,10
162.158.182.0,443,TRUE,瑞典,瑞典,瑞典,瑞典,瑞典,500,10
162.158.183.0,443,TRUE,瑞典,瑞典,瑞典,瑞典,瑞典,500,10
162.158.188.0,443,TRUE,韩国,韩国,韩国,韩国,韩国,500,10
162.158.189.0,443,TRUE,韩国,韩国,韩国,韩国,韩国,500,10
162.158.190.0,443,TRUE,韩国,韩国,韩国,韩国,韩国,500,10
162.158.191.0,443,TRUE,印度,印度,印度,印度,印度,500,10
162.158.192.0,443,TRUE,法国,法国,法国,法国,法国,500,10
162.158.193.0,443,TRUE,巴西,巴西,巴西,巴西,巴西,500,10
162.158.194.0,443,TRUE,科威特,科威特,科威特,科威特,科威特,500,10
162.158.195.0,443,TRUE,阿根廷,阿根廷,阿根廷,阿根廷,阿根廷,500,10
162.158.196.0,443,TRUE,意大利,意大利,意大利,意大利,意大利,500,10
162.158.197.0,443,TRUE,意大利,意大利,意大利,意大利,意大利,500,10
162.158.198.0,443,TRUE,印度,印度,印度,印度,印度,500,10
162.158.199.0,443,TRUE,巴基斯坦,巴基斯坦,巴基斯坦,巴基斯坦,巴基斯坦,500,10
162.158.200.0,443,TRUE,德国,德国,德国,德国,德国,500,10
162.158.201.0,443,TRUE,德国,德国,德国,德国,德国,500,10
162.158.202.0,443,TRUE,德国,德国,德国,德国,德国,500,10
162.158.203.0,443,TRUE,德国,德国,德国,德国,德国,500,10
162.158.204.0,443,TRUE,泰国,泰国,泰国,泰国,泰国,500,10
162.158.205.0,443,TRUE,泰国,泰国,泰国,泰国,泰国,500,10
162.158.206.0,443,TRUE,留尼旺,留尼旺,留尼旺,留尼旺,留尼旺,500,10
162.158.207.0,443,TRUE,孟加拉,孟加拉,孟加拉,孟加拉,孟加拉,500,10
162.158.208.0,443,TRUE,保加利亚,保加利亚,保加利亚,保加利亚,保加利亚,500,10
162.158.209.0,443,TRUE,保加利亚,保加利亚,保加利亚,保加利亚,保加利亚,500,10
162.158.210.0,443,TRUE,保加利亚,保加利亚,保加利亚,保加利亚,保加利亚,500,10
162.158.211.0,443,TRUE,保加利亚,保加利亚,保加利亚,保加利亚,保加利亚,500,10
162.158.216.0,443,TRUE,越南,越南,越南,越南,越南,500,10
162.158.217.0,443,TRUE,越南,越南,越南,越南,越南,500,10
162.158.218.0,443,TRUE,越南,越南,越南,越南,越南,500,10
162.158.219.0,443,TRUE,越南,越南,越南,越南,越南,500,10
162.158.220.0,443,TRUE,挪威,挪威,挪威,挪威,挪威,500,10
162.158.221.0,443,TRUE,挪威,挪威,挪威,挪威,挪威,500,10
162.158.222.0,443,TRUE,挪威,挪威,挪威,挪威,挪威,500,10
162.158.223.0,443,TRUE,挪威,挪威,挪威,挪威,挪威,500,10
162.158.224.0,443,TRUE,巴西,巴西,巴西,巴西,巴西,500,10
162.158.225.0,443,TRUE,智利,智利,智利,智利,智利,500,10
162.158.226.0,443,TRUE,印度,印度,印度,印度,印度,500,10
162.158.227.0,443,TRUE,印度,印度,印度,印度,印度,500,10
162.158.228.0,443,TRUE,菲律宾,菲律宾,菲律宾,菲律宾,菲律宾,500,10
162.158.229.0,443,TRUE,菲律宾,菲律宾,菲律宾,菲律宾,菲律宾,500,10
162.158.230.0,443,TRUE,菲律宾,菲律宾,菲律宾,菲律宾,菲律宾,500,10
162.158.231.0,443,TRUE,菲律宾,菲律宾,菲律宾,菲律宾,菲律宾,500,10
162.158.232.0,443,TRUE,比利时,比利时,比利时,比利时,比利时,500,10
162.158.233.0,443,TRUE,比利时,比利时,比利时,比利时,比利时,500,10
162.158.234.0,443,TRUE,比利时,比利时,比利时,比利时,比利时,500,10
162.158.235.0,443,TRUE,比利时,比利时,比利时,比利时,比利时,500,10
162.158.236.0,443,TRUE,芬兰,芬兰,芬兰,芬兰,芬兰,500,10
162.158.237.0,443,TRUE,芬兰,芬兰,芬兰,芬兰,芬兰,500,10
162.158.238.0,443,TRUE,芬兰,芬兰,芬兰,芬兰,芬兰,500,10
162.158.239.0,443,TRUE,芬兰,芬兰,芬兰,芬兰,芬兰,500,10
162.158.240.0,443,TRUE,中国,中国,中国,中国,中国,500,10
162.158.241.0,443,TRUE,中国,中国,中国,中国,中国,500,10
162.158.242.0,443,TRUE,中国,中国,中国,中国,中国,500,10
162.158.243.0,443,TRUE,中国,中国,中国,中国,中国,500,10
162.158.248.0,443,TRUE,乌克兰,乌克兰,乌克兰,乌克兰,乌克兰,500,10
162.158.249.0,443,TRUE,乌克兰,乌克兰,乌克兰,乌克兰,乌克兰,500,10
162.158.250.0,443,TRUE,土耳其,土耳其,土耳其,土耳其,土耳其,500,10
162.158.251.0,443,TRUE,土耳其,土耳其,土耳其,土耳其,土耳其,500,10
172.68.0.0,443,TRUE,澳大利亚,澳大利亚,澳大利亚,澳大利亚,澳大利亚,500,10
172.68.1.0,443,TRUE,澳大利亚,澳大利亚,澳大利亚,澳大利亚,澳大利亚,500,10
172.68.2.0,443,TRUE,澳大利亚,澳大利亚,澳大利亚,澳大利亚,澳大利亚,500,10
172.68.3.0,443,TRUE,澳大利亚,澳大利亚,澳大利亚,澳大利亚,澳大利亚,500,10
172.68.4.0,443,TRUE,泰国,泰国,泰国,泰国,泰国,500,10
172.68.5.0,443,TRUE,泰国,泰国,泰国,泰国,泰国,500,10
172.68.6.0,443,TRUE,泰国,泰国,泰国,泰国,泰国,500,10
172.68.7.0,443,TRUE,泰国,泰国,泰国,泰国,泰国,500,10
172.68.8.0,443,TRUE,俄罗斯,俄罗斯,俄罗斯,俄罗斯,俄罗斯,500,10
172.68.9.0,443,TRUE,俄罗斯,俄罗斯,俄罗斯,俄罗斯,俄罗斯,500,10
172.68.10.0,443,TRUE,俄罗斯,俄罗斯,俄罗斯,俄罗斯,俄罗斯,500,10
172.68.11.0,443,TRUE,俄罗斯,俄罗斯,俄罗斯,俄罗斯,俄罗斯,500,10
172.68.12.0,443,TRUE,俄罗斯,俄罗斯,俄罗斯,俄罗斯,俄罗斯,500,10
172.68.13.0,443,TRUE,俄罗斯,俄罗斯,俄罗斯,俄罗斯,俄罗斯,500,10
172.68.14.0,443,TRUE,俄罗斯,俄罗斯,俄罗斯,俄罗斯,俄罗斯,500,10
172.68.15.0,443,TRUE,俄罗斯,俄罗斯,俄罗斯,俄罗斯,俄罗斯,500,10
172.68.16.0,443,TRUE,巴西,巴西,巴西,巴西,巴西,500,10
172.68.17.0,443,TRUE,巴西,巴西,巴西,巴西,巴西,500,10
172.68.18.0,443,TRUE,巴西,巴西,巴西,巴西,巴西,500,10
172.68.19.0,443,TRUE,巴西,巴西,巴西,巴西,巴西,500,10
172.68.20.0,443,TRUE,巴西,巴西,巴西,巴西,巴西,500,10
172.68.21.0,443,TRUE,巴西,巴西,巴西,巴西,巴西,500,10
172.68.22.0,443,TRUE,巴西,巴西,巴西,巴西,巴西,500,10
172.68.23.0,443,TRUE,巴西,巴西,巴西,巴西,巴西,500,10
172.68.24.0,443,TRUE,巴西,巴西,巴西,巴西,巴西,500,10
172.68.25.0,443,TRUE,巴西,巴西,巴西,巴西,巴西,500,10
172.68.26.0,443,TRUE,巴西,巴西,巴西,巴西,巴西,500,10
172.68.27.0,443,TRUE,巴西,巴西,巴西,巴西,巴西,500,10
172.68.28.0,443,TRUE,巴西,巴西,巴西,巴西,巴西,500,10
172.68.29.0,443,TRUE,巴西,巴西,巴西,巴西,巴西,500,10
172.68.30.0,443,TRUE,阿塞拜疆,阿塞拜疆,阿塞拜疆,阿塞拜疆,阿塞拜疆,500,10
172.68.31.0,443,TRUE,莫桑比克,莫桑比克,莫桑比克,莫桑比克,莫桑比克,500,10
172.68.39.0,443,TRUE,印度,印度,印度,印度,印度,500,10
172.68.40.0,443,TRUE,安哥拉,安哥拉,安哥拉,安哥拉,安哥拉,500,10
172.68.41.0,443,TRUE,安哥拉,安哥拉,安哥拉,安哥拉,安哥拉,500,10
172.68.42.0,443,TRUE,安哥拉,安哥拉,安哥拉,安哥拉,安哥拉,500,10
172.68.43.0,443,TRUE,安哥拉,安哥拉,安哥拉,安哥拉,安哥拉,500,10
172.68.48.0,443,TRUE,奥地利,奥地利,奥地利,奥地利,奥地利,500,10
172.68.49.0,443,TRUE,奥地利,奥地利,奥地利,奥地利,奥地利,500,10
172.68.50.0,443,TRUE,奥地利,奥地利,奥地利,奥地利,奥地利,500,10
172.68.51.0,443,TRUE,奥地利,奥地利,奥地利,奥地利,奥地利,500,10
172.68.60.0,443,TRUE,希腊,希腊,希腊,希腊,希腊,500,10
172.68.61.0,443,TRUE,希腊,希腊,希腊,希腊,希腊,500,10
172.68.62.0,443,TRUE,希腊,希腊,希腊,希腊,希腊,500,10
172.68.63.0,443,TRUE,希腊,希腊,希腊,希腊,希腊,500,10
172.68.84.0,443,TRUE,澳大利亚,澳大利亚,澳大利亚,澳大利亚,澳大利亚,500,10
172.68.85.0,443,TRUE,澳大利亚,澳大利亚,澳大利亚,澳大利亚,澳大利亚,500,10
172.68.86.0,443,TRUE,澳大利亚,澳大利亚,澳大利亚,澳大利亚,澳大利亚,500,10
172.68.87.0,443,TRUE,澳大利亚,澳大利亚,澳大利亚,澳大利亚,澳大利亚,500,10
172.68.92.0,443,TRUE,西班牙,西班牙,西班牙,西班牙,西班牙,500,10
172.68.93.0,443,TRUE,西班牙,西班牙,西班牙,西班牙,西班牙,500,10
172.68.94.0,443,TRUE,西班牙,西班牙,西班牙,西班牙,西班牙,500,10
172.68.95.0,443,TRUE,西班牙,西班牙,西班牙,西班牙,西班牙,500,10
172.68.96.0,443,TRUE,巴拿马,巴拿马,巴拿马,巴拿马,巴拿马,500,10
172.68.97.0,443,TRUE,巴拿马,巴拿马,巴拿马,巴拿马,巴拿马,500,10
172.68.98.0,443,TRUE,巴拿马,巴拿马,巴拿马,巴拿马,巴拿马,500,10
172.68.99.0,443,TRUE,巴拿马,巴拿马,巴拿马,巴拿马,巴拿马,500,10
172.68.100.0,443,TRUE,葡萄牙,葡萄牙,葡萄牙,葡萄牙,葡萄牙,500,10
172.68.101.0,443,TRUE,葡萄牙,葡萄牙,葡萄牙,葡萄牙,葡萄牙,500,10
172.68.102.0,443,TRUE,葡萄牙,葡萄牙,葡萄牙,葡萄牙,葡萄牙,500,10
172.68.103.0,443,TRUE,葡萄牙,葡萄牙,葡萄牙,葡萄牙,葡萄牙,500,10
172.68.104.0,443,TRUE,泰国,泰国,泰国,泰国,泰国,500,10
172.68.105.0,443,TRUE,泰国,泰国,泰国,泰国,泰国,500,10
172.68.106.0,443,TRUE,泰国,泰国,泰国,泰国,泰国,500,10
172.68.107.0,443,TRUE,泰国,泰国,泰国,泰国,泰国,500,10
172.68.108.0,443,TRUE,德国,德国,德国,德国,德国,500,10
172.68.109.0,443,TRUE,德国,德国,德国,德国,德国,500,10
172.68.110.0,443,TRUE,德国,德国,德国,德国,德国,500,10
172.68.111.0,443,TRUE,德国,德国,德国,德国,德国,500,10
172.68.112.0,443,TRUE,智利,智利,智利,智利,智利,500,10
172.68.113.0,443,TRUE,智利,智利,智利,智利,智利,500,10
172.68.114.0,443,TRUE,智利,智利,智利,智利,智利,500,10
172.68.115.0,443,TRUE,智利,智利,智利,智利,智利,500,10
172.68.116.0,443,TRUE,澳大利亚,澳大利亚,澳大利亚,澳大利亚,澳大利亚,500,10
172.68.117.0,443,TRUE,澳大利亚,澳大利亚,澳大利亚,澳大利亚,澳大利亚,500,10
172.68.118.0,443,TRUE,澳大利亚,澳大利亚,澳大利亚,澳大利亚,澳大利亚,500,10
172.68.119.0,443,TRUE,澳大利亚,澳大利亚,澳大利亚,澳大利亚,澳大利亚,500,10
172.68.120.0,443,TRUE,库拉索,库拉索,库拉索,库拉索,库拉索,500,10
172.68.121.0,443,TRUE,库拉索,库拉索,库拉索,库拉索,库拉索,500,10
172.68.122.0,443,TRUE,库拉索,库拉索,库拉索,库拉索,库拉索,500,10
172.68.123.0,443,TRUE,库拉索,库拉索,库拉索,库拉索,库拉索,500,10
172.68.124.0,443,TRUE,亚美尼亚,亚美尼亚,亚美尼亚,亚美尼亚,亚美尼亚,500,10
172.68.125.0,443,TRUE,亚美尼亚,亚美尼亚,亚美尼亚,亚美尼亚,亚美尼亚,500,10
172.68.126.0,443,TRUE,亚美尼亚,亚美尼亚,亚美尼亚,亚美尼亚,亚美尼亚,500,10
172.68.127.0,443,TRUE,亚美尼亚,亚美尼亚,亚美尼亚,亚美尼亚,亚美尼亚,500,10
172.68.128.0,443,TRUE,吉布提,吉布提,吉布提,吉布提,吉布提,500,10
172.68.130.0,443,TRUE,塞浦路斯,塞浦路斯,塞浦路斯,塞浦路斯,塞浦路斯,500,10
172.68.131.0,443,TRUE,苏里南,苏里南,苏里南,苏里南,苏里南,500,10
172.68.136.0,443,TRUE,波兰,波兰,波兰,波兰,波兰,500,10
172.68.137.0,443,TRUE,波兰,波兰,波兰,波兰,波兰,500,10
172.68.138.0,443,TRUE,波兰,波兰,波兰,波兰,波兰,500,10
172.68.139.0,443,TRUE,波兰,波兰,波兰,波兰,波兰,500,10
172.68.144.0,443,TRUE,新加坡,新加坡,新加坡,新加坡,新加坡,500,10
172.68.145.0,443,TRUE,新加坡,新加坡,新加坡,新加坡,新加坡,500,10
172.68.146.0,443,TRUE,新加坡,新加坡,新加坡,新加坡,新加坡,500,10
172.68.147.0,443,TRUE,新加坡,新加坡,新加坡,新加坡,新加坡,500,10
172.68.152.0,443,TRUE,塞尔维亚,塞尔维亚,塞尔维亚,塞尔维亚,塞尔维亚,500,10
172.68.153.0,443,TRUE,塞尔维亚,塞尔维亚,塞尔维亚,塞尔维亚,塞尔维亚,500,10
172.68.154.0,443,TRUE,塞尔维亚,塞尔维亚,塞尔维亚,塞尔维亚,塞尔维亚,500,10
172.68.155.0,443,TRUE,塞尔维亚,塞尔维亚,塞尔维亚,塞尔维亚,塞尔维亚,500,10
172.68.160.0,443,TRUE,印度,印度,印度,印度,印度,500,10
172.68.161.0,443,TRUE,印度,印度,印度,印度,印度,500,10
172.68.162.0,443,TRUE,印度,印度,印度,印度,印度,500,10
172.68.163.0,443,TRUE,印度,印度,印度,印度,印度,500,10
172.68.164.0,443,TRUE,摩洛哥,摩洛哥,摩洛哥,摩洛哥,摩洛哥,500,10
172.68.165.0,443,TRUE,摩洛哥,摩洛哥,摩洛哥,摩洛哥,摩洛哥,500,10
172.68.166.0,443,TRUE,印度,印度,印度,印度,印度,500,10
172.68.167.0,443,TRUE,印度,印度,印度,印度,印度,500,10
172.68.169.0,443,TRUE,孟加拉,孟加拉,孟加拉,孟加拉,孟加拉,500,10
172.68.170.0,443,TRUE,加拿大,加拿大,加拿大,加拿大,加拿大,500,10
172.68.171.0,443,TRUE,塞浦路斯,塞浦路斯,塞浦路斯,塞浦路斯,塞浦路斯,500,10
172.68.176.0,443,TRUE,厄瓜多尔,厄瓜多尔,厄瓜多尔,厄瓜多尔,厄瓜多尔,500,10
172.68.177.0,443,TRUE,厄瓜多尔,厄瓜多尔,厄瓜多尔,厄瓜多尔,厄瓜多尔,500,10
172.68.178.0,443,TRUE,厄瓜多尔,厄瓜多尔,厄瓜多尔,厄瓜多尔,厄瓜多尔,500,10
172.68.179.0,443,TRUE,厄瓜多尔,厄瓜多尔,厄瓜多尔,厄瓜多尔,厄瓜多尔,500,10
172.68.180.0,443,TRUE,瑞典,瑞典,瑞典,瑞典,瑞典,500,10
172.68.181.0,443,TRUE,瑞典,瑞典,瑞典,瑞典,瑞典,500,10
172.68.182.0,443,TRUE,瑞典,瑞典,瑞典,瑞典,瑞典,500,10
172.68.183.0,443,TRUE,瑞典,瑞典,瑞典,瑞典,瑞典,500,10
172.68.184.0,443,TRUE,南非,南非,南非,南非,南非,500,10
172.68.185.0,443,TRUE,南非,南非,南非,南非,南非,500,10
172.68.186.0,443,TRUE,南非,南非,南非,南非,南非,500,10
172.68.187.0,443,TRUE,南非,南非,南非,南非,南非,500,10
172.68.196.0,443,TRUE,意大利,意大利,意大利,意大利,意大利,500,10
172.68.197.0,443,TRUE,意大利,意大利,意大利,意大利,意大利,500,10
172.68.198.0,443,TRUE,意大利,意大利,意大利,意大利,意大利,500,10
172.68.199.0,443,TRUE,意大利,意大利,意大利,意大利,意大利,500,10
172.68.200.0,443,TRUE,斯里兰卡,斯里兰卡,斯里兰卡,斯里兰卡,斯里兰卡,500,10
172.68.201.0,443,TRUE,斯里兰卡,斯里兰卡,斯里兰卡,斯里兰卡,斯里兰卡,500,10
172.68.202.0,443,TRUE,斯里兰卡,斯里兰卡,斯里兰卡,斯里兰卡,斯里兰卡,500,10
172.68.203.0,443,TRUE,斯里兰卡,斯里兰卡,斯里兰卡,斯里兰卡,斯里兰卡,500,10
172.68.212.0,443,TRUE,捷克,捷克,捷克,捷克,捷克,500,10
172.68.213.0,443,TRUE,捷克,捷克,捷克,捷克,捷克,500,10
172.68.214.0,443,TRUE,捷克,捷克,捷克,捷克,捷克,500,10
172.68.215.0,443,TRUE,捷克,捷克,捷克,捷克,捷克,500,10
172.68.220.0,443,TRUE,克罗地亚,克罗地亚,克罗地亚,克罗地亚,克罗地亚,500,10
172.68.221.0,443,TRUE,克罗地亚,克罗地亚,克罗地亚,克罗地亚,克罗地亚,500,10
172.68.222.0,443,TRUE,克罗地亚,克罗地亚,克罗地亚,克罗地亚,克罗地亚,500,10
172.68.223.0,443,TRUE,克罗地亚,克罗地亚,克罗地亚,克罗地亚,克罗地亚,500,10
172.68.224.0,443,TRUE,匈牙利,匈牙利,匈牙利,匈牙利,匈牙利,500,10
172.68.225.0,443,TRUE,匈牙利,匈牙利,匈牙利,匈牙利,匈牙利,500,10
172.68.226.0,443,TRUE,匈牙利,匈牙利,匈牙利,匈牙利,匈牙利,500,10
172.68.227.0,443,TRUE,匈牙利,匈牙利,匈牙利,匈牙利,匈牙利,500,10
172.68.232.0,443,TRUE,泰国,泰国,泰国,泰国,泰国,500,10
172.68.233.0,443,TRUE,泰国,泰国,泰国,泰国,泰国,500,10
172.68.234.0,443,TRUE,泰国,泰国,泰国,泰国,泰国,500,10
172.68.235.0,443,TRUE,泰国,泰国,泰国,泰国,泰国,500,10
172.68.236.0,443,TRUE,乌克兰,乌克兰,乌克兰,乌克兰,乌克兰,500,10
172.68.237.0,443,TRUE,乌克兰,乌克兰,乌克兰,乌克兰,乌克兰,500,10
172.68.238.0,443,TRUE,乌克兰,乌克兰,乌克兰,乌克兰,乌克兰,500,10
172.68.239.0,443,TRUE,乌克兰,乌克兰,乌克兰,乌克兰,乌克兰,500,10
172.68.240.0,443,TRUE,泰国,泰国,泰国,泰国,泰国,500,10
172.68.241.0,443,TRUE,泰国,泰国,泰国,泰国,泰国,500,10
172.68.242.0,443,TRUE,泰国,泰国,泰国,泰国,泰国,500,10
172.68.243.0,443,TRUE,泰国,泰国,泰国,泰国,泰国,500,10
172.68.244.0,443,TRUE,俄罗斯,俄罗斯,俄罗斯,俄罗斯,俄罗斯,500,10
172.68.245.0,443,TRUE,俄罗斯,俄罗斯,俄罗斯,俄罗斯,俄罗斯,500,10
172.68.246.0,443,TRUE,俄罗斯,俄罗斯,俄罗斯,俄罗斯,俄罗斯,500,10
172.68.247.0,443,TRUE,俄罗斯,俄罗斯,俄罗斯,俄罗斯,俄罗斯,500,10
172.68.248.0,443,TRUE,中国,中国,中国,中国,中国,500,10
172.68.249.0,443,TRUE,中国,中国,中国,中国,中国,500,10
172.68.250.0,443,TRUE,中国,中国,中国,中国,中国,500,10
172.68.251.0,443,TRUE,中国,中国,中国,中国,中国,500,10
172.68.252.0,443,TRUE,中国,中国,中国,中国,中国,500,10
172.68.253.0,443,TRUE,中国,中国,中国,中国,中国,500,10
172.68.254.0,443,TRUE,中国,中国,中国,中国,中国,500,10
172.68.255.0,443,TRUE,中国,中国,中国,中国,中国,500,10
172.69.0.0,443,TRUE,奥地利,奥地利,奥地利,奥地利,奥地利,500,10
172.69.1.0,443,TRUE,奥地利,奥地利,奥地利,奥地利,奥地利,500,10
172.69.2.0,443,TRUE,墨西哥,墨西哥,墨西哥,墨西哥,墨西哥,500,10
172.69.3.0,443,TRUE,巴西,巴西,巴西,巴西,巴西,500,10
172.69.8.0,443,TRUE,俄罗斯,俄罗斯,俄罗斯,俄罗斯,俄罗斯,500,10
172.69.9.0,443,TRUE,俄罗斯,俄罗斯,俄罗斯,俄罗斯,俄罗斯,500,10
172.69.10.0,443,TRUE,俄罗斯,俄罗斯,俄罗斯,俄罗斯,俄罗斯,500,10
172.69.11.0,443,TRUE,俄罗斯,俄罗斯,俄罗斯,俄罗斯,俄罗斯,500,10
172.69.12.0,443,TRUE,尼日利亚,尼日利亚,尼日利亚,尼日利亚,尼日利亚,500,10
172.69.14.0,443,TRUE,菲律宾,菲律宾,菲律宾,菲律宾,菲律宾,500,10
172.69.15.0,443,TRUE,塞内加尔,塞内加尔,塞内加尔,塞内加尔,塞内加尔,500,10
172.69.16.0,443,TRUE,洪都拉斯,洪都拉斯,洪都拉斯,洪都拉斯,洪都拉斯,500,10
172.69.17.0,443,TRUE,利比里亚,利比里亚,利比里亚,利比里亚,利比里亚,500,10
172.69.18.0,443,TRUE,巴拉圭,巴拉圭,巴拉圭,巴拉圭,巴拉圭,500,10
172.69.19.0,443,TRUE,新加坡,新加坡,新加坡,新加坡,新加坡,500,10
172.69.36.0,443,TRUE,约旦,约旦,约旦,约旦,约旦,500,10
172.69.37.0,443,TRUE,约旦,约旦,约旦,约旦,约旦,500,10
172.69.38.0,443,TRUE,巴基斯坦,巴基斯坦,巴基斯坦,巴基斯坦,巴基斯坦,500,10
172.69.39.0,443,TRUE,巴基斯坦,巴基斯坦,巴基斯坦,巴基斯坦,巴基斯坦,500,10
172.69.45.0,443,TRUE,蒙古,蒙古,蒙古,蒙古,蒙古,500,10
172.69.46.0,443,TRUE,坦桑尼亚,坦桑尼亚,坦桑尼亚,坦桑尼亚,坦桑尼亚,500,10
172.69.47.0,443,TRUE,新喀里多尼亚,新喀里多尼亚,新喀里多尼亚,新喀里多尼亚,新喀里多尼亚,500,10
172.69.52.0,443,TRUE,荷兰,荷兰,荷兰,荷兰,荷兰,500,10
172.69.53.0,443,TRUE,荷兰,荷兰,荷兰,荷兰,荷兰,500,10
172.69.54.0,443,TRUE,荷兰,荷兰,荷兰,荷兰,荷兰,500,10
172.69.55.0,443,TRUE,荷兰,荷兰,荷兰,荷兰,荷兰,500,10
172.69.56.0,443,TRUE,希腊,希腊,希腊,希腊,希腊,500,10
172.69.57.0,443,TRUE,希腊,希腊,希腊,希腊,希腊,500,10
172.69.58.0,443,TRUE,希腊,希腊,希腊,希腊,希腊,500,10
172.69.59.0,443,TRUE,希腊,希腊,希腊,希腊,希腊,500,10
172.69.72.0,443,TRUE,中国,中国,中国,中国,中国,500,10
172.69.73.0,443,TRUE,中国,中国,中国,中国,中国,500,10
172.69.74.0,443,TRUE,中国,中国,中国,中国,中国,500,10
172.69.75.0,443,TRUE,中国,中国,中国,中国,中国,500,10
172.69.76.0,443,TRUE,尼泊尔,尼泊尔,尼泊尔,尼泊尔,尼泊尔,500,10
172.69.77.0,443,TRUE,尼泊尔,尼泊尔,尼泊尔,尼泊尔,尼泊尔,500,10
172.69.78.0,443,TRUE,尼泊尔,尼泊尔,尼泊尔,尼泊尔,尼泊尔,500,10
172.69.79.0,443,TRUE,尼泊尔,尼泊尔,尼泊尔,尼泊尔,尼泊尔,500,10
172.69.80.0,443,TRUE,柬埔寨,柬埔寨,柬埔寨,柬埔寨,柬埔寨,500,10
172.69.81.0,443,TRUE,柬埔寨,柬埔寨,柬埔寨,柬埔寨,柬埔寨,500,10
172.69.82.0,443,TRUE,柬埔寨,柬埔寨,柬埔寨,柬埔寨,柬埔寨,500,10
172.69.83.0,443,TRUE,柬埔寨,柬埔寨,柬埔寨,柬埔寨,柬埔寨,500,10
172.69.84.0,443,TRUE,黎巴嫩,黎巴嫩,黎巴嫩,黎巴嫩,黎巴嫩,500,10
172.69.85.0,443,TRUE,黎巴嫩,黎巴嫩,黎巴嫩,黎巴嫩,黎巴嫩,500,10
172.69.86.0,443,TRUE,黎巴嫩,黎巴嫩,黎巴嫩,黎巴嫩,黎巴嫩,500,10
172.69.87.0,443,TRUE,黎巴嫩,黎巴嫩,黎巴嫩,黎巴嫩,黎巴嫩,500,10
172.69.92.0,443,TRUE,毛里求斯,毛里求斯,毛里求斯,毛里求斯,毛里求斯,500,10
172.69.93.0,443,TRUE,毛里求斯,毛里求斯,毛里求斯,毛里求斯,毛里求斯,500,10
172.69.94.0,443,TRUE,毛里求斯,毛里求斯,毛里求斯,毛里求斯,毛里求斯,500,10
172.69.95.0,443,TRUE,毛里求斯,毛里求斯,毛里求斯,毛里求斯,毛里求斯,500,10
172.69.96.0,443,TRUE,中国,中国,中国,中国,中国,500,10
172.69.97.0,443,TRUE,中国,中国,中国,中国,中国,500,10
172.69.98.0,443,TRUE,中国,中国,中国,中国,中国,500,10
172.69.99.0,443,TRUE,中国,中国,中国,中国,中国,500,10
172.69.100.0,443,TRUE,伊拉克,伊拉克,伊拉克,伊拉克,伊拉克,500,10
172.69.101.0,443,TRUE,伊拉克,伊拉克,伊拉克,伊拉克,伊拉克,500,10
172.69.102.0,443,TRUE,伊拉克,伊拉克,伊拉克,伊拉克,伊拉克,500,10
172.69.103.0,443,TRUE,伊拉克,伊拉克,伊拉克,伊拉克,伊拉克,500,10
172.69.104.0,443,TRUE,印度,印度,印度,印度,印度,500,10
172.69.105.0,443,TRUE,印度,印度,印度,印度,印度,500,10
172.69.106.0,443,TRUE,印度,印度,印度,印度,印度,500,10
172.69.107.0,443,TRUE,印度,印度,印度,印度,印度,500,10
172.69.108.0,443,TRUE,瑞士,瑞士,瑞士,瑞士,瑞士,500,10
172.69.109.0,443,TRUE,瑞士,瑞士,瑞士,瑞士,瑞士,500,10
172.69.110.0,443,TRUE,希腊,希腊,希腊,希腊,希腊,500,10
172.69.111.0,443,TRUE,巴基斯坦,巴基斯坦,巴基斯坦,巴基斯坦,巴基斯坦,500,10
172.69.112.0,443,TRUE,南非,南非,南非,南非,南非,500,10
172.69.113.0,443,TRUE,南非,南非,南非,南非,南非,500,10
172.69.114.0,443,TRUE,南非,南非,南非,南非,南非,500,10
172.69.115.0,443,TRUE,南非,南非,南非,南非,南非,500,10
172.69.116.0,443,TRUE,土耳其,土耳其,土耳其,土耳其,土耳其,500,10
172.69.117.0,443,TRUE,土耳其,土耳其,土耳其,土耳其,土耳其,500,10
172.69.118.0,443,TRUE,土耳其,土耳其,土耳其,土耳其,土耳其,500,10
172.69.119.0,443,TRUE,土耳其,土耳其,土耳其,土耳其,土耳其,500,10
172.69.124.0,443,TRUE,沙特阿拉伯,沙特阿拉伯,沙特阿拉伯,沙特阿拉伯,沙特阿拉伯,500,10
172.69.125.0,443,TRUE,沙特阿拉伯,沙特阿拉伯,沙特阿拉伯,沙特阿拉伯,沙特阿拉伯,500,10
172.69.126.0,443,TRUE,沙特阿拉伯,沙特阿拉伯,沙特阿拉伯,沙特阿拉伯,沙特阿拉伯,500,10
172.69.127.0,443,TRUE,沙特阿拉伯,沙特阿拉伯,沙特阿拉伯,沙特阿拉伯,沙特阿拉伯,500,10
172.69.128.0,443,TRUE,以色列,以色列,以色列,以色列,以色列,500,10
172.69.129.0,443,TRUE,以色列,以色列,以色列,以色列,以色列,500,10
172.69.130.0,443,TRUE,以色列,以色列,以色列,以色列,以色列,500,10
172.69.131.0,443,TRUE,以色列,以色列,以色列,以色列,以色列,500,10
172.69.132.0,443,TRUE,新加坡,新加坡,新加坡,新加坡,新加坡,500,10
172.69.133.0,443,TRUE,新加坡,新加坡,新加坡,新加坡,新加坡,500,10
172.69.134.0,443,TRUE,新加坡,新加坡,新加坡,新加坡,新加坡,500,10
172.69.135.0,443,TRUE,新加坡,新加坡,新加坡,新加坡,新加坡,500,10
172.69.136.0,443,TRUE,爱沙尼亚,爱沙尼亚,爱沙尼亚,爱沙尼亚,爱沙尼亚,500,10
172.69.137.0,443,TRUE,爱沙尼亚,爱沙尼亚,爱沙尼亚,爱沙尼亚,爱沙尼亚,500,10
172.69.138.0,443,TRUE,爱沙尼亚,爱沙尼亚,爱沙尼亚,爱沙尼亚,爱沙尼亚,500,10
172.69.139.0,443,TRUE,爱沙尼亚,爱沙尼亚,爱沙尼亚,爱沙尼亚,爱沙尼亚,500,10
172.69.144.0,443,TRUE,冰岛,冰岛,冰岛,冰岛,冰岛,500,10
172.69.145.0,443,TRUE,冰岛,冰岛,冰岛,冰岛,冰岛,500,10
172.69.146.0,443,TRUE,冰岛,冰岛,冰岛,冰岛,冰岛,500,10
172.69.147.0,443,TRUE,冰岛,冰岛,冰岛,冰岛,冰岛,500,10
172.69.148.0,443,TRUE,罗马尼亚,罗马尼亚,罗马尼亚,罗马尼亚,罗马尼亚,500,10
172.69.149.0,443,TRUE,罗马尼亚,罗马尼亚,罗马尼亚,罗马尼亚,罗马尼亚,500,10
172.69.150.0,443,TRUE,罗马尼亚,罗马尼亚,罗马尼亚,罗马尼亚,罗马尼亚,500,10
172.69.151.0,443,TRUE,罗马尼亚,罗马尼亚,罗马尼亚,罗马尼亚,罗马尼亚,500,10
172.69.152.0,443,TRUE,日本,日本,日本,日本,日本,500,10
172.69.153.0,443,TRUE,日本,日本,日本,日本,日本,500,10
172.69.154.0,443,TRUE,日本,日本,日本,日本,日本,500,10
172.69.155.0,443,TRUE,日本,日本,日本,日本,日本,500,10
172.69.156.0,443,TRUE,加拿大,加拿大,加拿大,加拿大,加拿大,500,10
172.69.157.0,443,TRUE,格林纳达,格林纳达,格林纳达,格林纳达,格林纳达,500,10
172.69.158.0,443,TRUE,越南,越南,越南,越南,越南,500,10
172.69.159.0,443,TRUE,孟加拉,孟加拉,孟加拉,孟加拉,孟加拉,500,10
172.69.161.0,443,TRUE,马达加斯加,马达加斯加,马达加斯加,马达加斯加,马达加斯加,500,10
172.69.162.0,443,TRUE,澳大利亚,澳大利亚,澳大利亚,澳大利亚,澳大利亚,500,10
172.69.163.0,443,TRUE,斯里兰卡,斯里兰卡,斯里兰卡,斯里兰卡,斯里兰卡,500,10
172.69.164.0,443,TRUE,墨西哥,墨西哥,墨西哥,墨西哥,墨西哥,500,10
172.69.165.0,443,TRUE,墨西哥,墨西哥,墨西哥,墨西哥,墨西哥,500,10
172.69.166.0,443,TRUE,墨西哥,墨西哥,墨西哥,墨西哥,墨西哥,500,10
172.69.167.0,443,TRUE,墨西哥,墨西哥,墨西哥,墨西哥,墨西哥,500,10
172.69.172.0,443,TRUE,英国,英国,英国,英国,英国,500,10
172.69.173.0,443,TRUE,英国,英国,英国,英国,英国,500,10
172.69.174.0,443,TRUE,英国,英国,英国,英国,英国,500,10
172.69.175.0,443,TRUE,英国,英国,英国,英国,英国,500,10
172.69.176.0,443,TRUE,中国,中国,中国,中国,中国,500,10
172.69.177.0,443,TRUE,中国,中国,中国,中国,中国,500,10
172.69.178.0,443,TRUE,中国,中国,中国,中国,中国,500,10
172.69.179.0,443,TRUE,中国,中国,中国,中国,中国,500,10
172.69.184.0,443,TRUE,菲律宾,菲律宾,菲律宾,菲律宾,菲律宾,500,10
172.69.185.0,443,TRUE,菲律宾,菲律宾,菲律宾,菲律宾,菲律宾,500,10
172.69.186.0,443,TRUE,菲律宾,菲律宾,菲律宾,菲律宾,菲律宾,500,10
172.69.187.0,443,TRUE,菲律宾,菲律宾,菲律宾,菲律宾,菲律宾,500,10
172.69.188.0,443,TRUE,立陶宛,立陶宛,立陶宛,立陶宛,立陶宛,500,10
172.69.189.0,443,TRUE,立陶宛,立陶宛,立陶宛,立陶宛,立陶宛,500,10
172.69.190.0,443,TRUE,立陶宛,立陶宛,立陶宛,立陶宛,立陶宛,500,10
172.69.191.0,443,TRUE,立陶宛,立陶宛,立陶宛,立陶宛,立陶宛,500,10
172.69.192.0,443,TRUE,拉脱维亚,拉脱维亚,拉脱维亚,拉脱维亚,拉脱维亚,500,10
172.69.193.0,443,TRUE,拉脱维亚,拉脱维亚,拉脱维亚,拉脱维亚,拉脱维亚,500,10
172.69.194.0,443,TRUE,拉脱维亚,拉脱维亚,拉脱维亚,拉脱维亚,拉脱维亚,500,10
172.69.195.0,443,TRUE,拉脱维亚,拉脱维亚,拉脱维亚,拉脱维亚,拉脱维亚,500,10
172.69.200.0,443,TRUE,摩尔多瓦,摩尔多瓦,摩尔多瓦,摩尔多瓦,摩尔多瓦,500,10
172.69.201.0,443,TRUE,摩尔多瓦,摩尔多瓦,摩尔多瓦,摩尔多瓦,摩尔多瓦,500,10
172.69.202.0,443,TRUE,摩尔多瓦,摩尔多瓦,摩尔多瓦,摩尔多瓦,摩尔多瓦,500,10
172.69.203.0,443,TRUE,摩尔多瓦,摩尔多瓦,摩尔多瓦,摩尔多瓦,摩尔多瓦,500,10
172.69.204.0,443,TRUE,哥伦比亚,哥伦比亚,哥伦比亚,哥伦比亚,哥伦比亚,500,10
172.69.205.0,443,TRUE,哥伦比亚,哥伦比亚,哥伦比亚,哥伦比亚,哥伦比亚,500,10
172.69.206.0,443,TRUE,哥伦比亚,哥伦比亚,哥伦比亚,哥伦比亚,哥伦比亚,500,10
172.69.207.0,443,TRUE,哥伦比亚,哥伦比亚,哥伦比亚,哥伦比亚,哥伦比亚,500,10
172.69.212.0,443,TRUE,加拿大,加拿大,加拿大,加拿大,加拿大,500,10
172.69.213.0,443,TRUE,加拿大,加拿大,加拿大,加拿大,加拿大,500,10
172.69.214.0,443,TRUE,加拿大,加拿大,加拿大,加拿大,加拿大,500,10
172.69.215.0,443,TRUE,加拿大,加拿大,加拿大,加拿大,加拿大,500,10
172.69.216.0,443,TRUE,加拿大,加拿大,加拿大,加拿大,加拿大,500,10
172.69.217.0,443,TRUE,文莱,文莱,文莱,文莱,文莱,500,10
172.69.218.0,443,TRUE,孟加拉,孟加拉,孟加拉,孟加拉,孟加拉,500,10
172.69.219.0,443,TRUE,不丹,不丹,不丹,不丹,不丹,500,10
172.69.220.0,443,TRUE,卢森堡,卢森堡,卢森堡,卢森堡,卢森堡,500,10
172.69.221.0,443,TRUE,卢森堡,卢森堡,卢森堡,卢森堡,卢森堡,500,10
172.69.222.0,443,TRUE,卢森堡,卢森堡,卢森堡,卢森堡,卢森堡,500,10
172.69.223.0,443,TRUE,卢森堡,卢森堡,卢森堡,卢森堡,卢森堡,500,10
172.69.224.0,443,TRUE,巴基斯坦,巴基斯坦,巴基斯坦,巴基斯坦,巴基斯坦,500,10
172.69.225.0,443,TRUE,巴基斯坦,巴基斯坦,巴基斯坦,巴基斯坦,巴基斯坦,500,10
172.69.226.0,443,TRUE,马来西亚,马来西亚,马来西亚,马来西亚,马来西亚,500,10
172.69.227.0,443,TRUE,老挝,老挝,老挝,老挝,老挝,500,10
172.69.228.0,443,TRUE,巴林,巴林,巴林,巴林,巴林,500,10
172.69.229.0,443,TRUE,巴林,巴林,巴林,巴林,巴林,500,10
172.69.230.0,443,TRUE,巴林,巴林,巴林,巴林,巴林,500,10
172.69.231.0,443,TRUE,巴林,巴林,巴林,巴林,巴林,500,10
172.69.235.0,443,TRUE,丹麦,丹麦,丹麦,丹麦,丹麦,500,10
172.69.240.0,443,TRUE,智利,智利,智利,智利,智利,500,10
172.69.241.0,443,TRUE,智利,智利,智利,智利,智利,500,10
172.69.242.0,443,TRUE,智利,智利,智利,智利,智利,500,10
172.69.243.0,443,TRUE,智利,智利,智利,智利,智利,500,10
172.69.244.0,443,TRUE,巴基斯坦,巴基斯坦,巴基斯坦,巴基斯坦,巴基斯坦,500,10
172.69.245.0,443,TRUE,巴基斯坦,巴基斯坦,巴基斯坦,巴基斯坦,巴基斯坦,500,10
172.69.252.0,443,TRUE,蒙古,蒙古,蒙古,蒙古,蒙古,500,10
172.69.253.0,443,TRUE,尼日利亚,尼日利亚,尼日利亚,尼日利亚,尼日利亚,500,10
172.69.255.0,443,TRUE,海地,海地,海地,海地,海地,500,10
173.245.62.0,443,TRUE,中国,中国,中国,中国,中国,500,10
188.114.96.0,443,TRUE,巴西,巴西,巴西,巴西,巴西,500,10
188.114.97.0,443,TRUE,巴西,巴西,巴西,巴西,巴西,500,10
188.114.98.0,443,TRUE,巴西,巴西,巴西,巴西,巴西,500,10
188.114.99.0,443,TRUE,巴西,巴西,巴西,巴西,巴西,500,10
188.114.100.0,443,TRUE,意大利,意大利,意大利,意大利,意大利,500,10
188.114.101.0,443,TRUE,意大利,意大利,意大利,意大利,意大利,500,10
188.114.102.0,443,TRUE,意大利,意大利,意大利,意大利,意大利,500,10
188.114.103.0,443,TRUE,意大利,意大利,意大利,意大利,意大利,500,10
188.114.105.0,443,TRUE,英国,英国,英国,英国,英国,500,10
188.114.106.0,443,TRUE,西班牙,西班牙,西班牙,西班牙,西班牙,500,10
188.114.107.0,443,TRUE,西班牙,西班牙,西班牙,西班牙,西班牙,500,10
188.114.108.0,443,TRUE,西班牙,西班牙,西班牙,西班牙,西班牙,500,10
188.114.109.0,443,TRUE,西班牙,西班牙,西班牙,西班牙,西班牙,500,10
188.114.110.0,443,TRUE,西班牙,西班牙,西班牙,西班牙,西班牙,500,10
188.114.111.0,443,TRUE,西班牙,西班牙,西班牙,西班牙,西班牙,500,10
190.93.240.0,443,TRUE,哥斯达黎加,哥斯达黎加,哥斯达黎加,哥斯达黎加,哥斯达黎加,500,10
190.93.241.0,443,TRUE,哥斯达黎加,哥斯达黎加,哥斯达黎加,哥斯达黎加,哥斯达黎加,500,10
190.93.242.0,443,TRUE,哥斯达黎加,哥斯达黎加,哥斯达黎加,哥斯达黎加,哥斯达黎加,500,10
190.93.243.0,443,TRUE,哥斯达黎加,哥斯达黎加,哥斯达黎加,哥斯达黎加,哥斯达黎加,500,10
190.93.246.0,443,TRUE,哥斯达黎加,哥斯达黎加,哥斯达黎加,哥斯达黎加,哥斯达黎加,500,10
190.93.247.0,443,TRUE,哥斯达黎加,哥斯达黎加,哥斯达黎加,哥斯达黎加,哥斯达黎加,500,10
190.93.248.0,443,TRUE,哥斯达黎加,哥斯达黎加,哥斯达黎加,哥斯达黎加,哥斯达黎加,500,10
190.93.249.0,443,TRUE,哥斯达黎加,哥斯达黎加,哥斯达黎加,哥斯达黎加,哥斯达黎加,500,10
190.93.250.0,443,TRUE,哥斯达黎加,哥斯达黎加,哥斯达黎加,哥斯达黎加,哥斯达黎加,500,10
190.93.251.0,443,TRUE,哥斯达黎加,哥斯达黎加,哥斯达黎加,哥斯达黎加,哥斯达黎加,500,10
190.93.252.0,443,TRUE,哥斯达黎加,哥斯达黎加,哥斯达黎加,哥斯达黎加,哥斯达黎加,500,10
190.93.253.0,443,TRUE,哥斯达黎加,哥斯达黎加,哥斯达黎加,哥斯达黎加,哥斯达黎加,500,10
190.93.254.0,443,TRUE,哥斯达黎加,哥斯达黎加,哥斯达黎加,哥斯达黎加,哥斯达黎加,500,10
190.93.255.0,443,TRUE,哥斯达黎加,哥斯达黎加,哥斯达黎加,哥斯达黎加,哥斯达黎加,500,10
197.234.240.0,443,TRUE,南非,南非,南非,南非,南非,500,10
197.234.241.0,443,TRUE,南非,南非,南非,南非,南非,500,10
197.234.242.0,443,TRUE,南非,南非,南非,南非,南非,500,10
197.234.243.0,443,TRUE,南非,南非,南非,南非,南非,500,10
198.41.148.0,443,TRUE,卢森堡,卢森堡,卢森堡,卢森堡,卢森堡,500,10
198.41.149.0,443,TRUE,卢森堡,卢森堡,卢森堡,卢森堡,卢森堡,500,10
198.41.150.0,443,TRUE,卢森堡,卢森堡,卢森堡,卢森堡,卢森堡,500,10
198.41.151.0,443,TRUE,卢森堡,卢森堡,卢森堡,卢森堡,卢森堡,500,10
198.41.152.0,443,TRUE,卢森堡,卢森堡,卢森堡,卢森堡,卢森堡,500,10
198.41.153.0,443,TRUE,卢森堡,卢森堡,卢森堡,卢森堡,卢森堡,500,10
198.41.154.0,443,TRUE,卢森堡,卢森堡,卢森堡,卢森堡,卢森堡,500,10
198.41.155.0,443,TRUE,卢森堡,卢森堡,卢森堡,卢森堡,卢森堡,500,10
198.41.224.0,443,TRUE,秘鲁,秘鲁,秘鲁,秘鲁,秘鲁,500,10
198.41.225.0,443,TRUE,秘鲁,秘鲁,秘鲁,秘鲁,秘鲁,500,10
198.41.226.0,443,TRUE,秘鲁,秘鲁,秘鲁,秘鲁,秘鲁,500,10
198.41.227.0,443,TRUE,秘鲁,秘鲁,秘鲁,秘鲁,秘鲁,500,10
198.41.228.0,443,TRUE,阿根廷,阿根廷,阿根廷,阿根廷,阿根廷,500,10
198.41.229.0,443,TRUE,阿根廷,阿根廷,阿根廷,阿根廷,阿根廷,500,10
198.41.230.0,443,TRUE,阿根廷,阿根廷,阿根廷,阿根廷,阿根廷,500,10
198.41.231.0,443,TRUE,阿根廷,阿根廷,阿根廷,阿根廷,阿根廷,500,10
198.41.232.0,443,TRUE,阿根廷,阿根廷,阿根廷,阿根廷,阿根廷,500,10
198.41.233.0,443,TRUE,阿根廷,阿根廷,阿根廷,阿根廷,阿根廷,500,10
198.41.234.0,443,TRUE,中国,中国,中国,中国,中国,500,10
198.41.236.0,443,TRUE,新西兰,新西兰,新西兰,新西兰,新西兰,500,10
198.41.237.0,443,TRUE,新西兰,新西兰,新西兰,新西兰,新西兰,500,10
198.41.238.0,443,TRUE,新西兰,新西兰,新西兰,新西兰,新西兰,500,10
198.41.239.0,443,TRUE,新西兰,新西兰,新西兰,新西兰,新西兰,500,10
198.41.240.0,443,TRUE,德国,德国,德国,德国,德国,500,10
198.41.241.0,443,TRUE,德国,德国,德国,德国,德国,500,10
198.41.242.0,443,TRUE,德国,德国,德国,德国,德国,500,10
198.41.245.0,443,TRUE,卢森堡,卢森堡,卢森堡,卢森堡,卢森堡,500,10
198.41.252.0,443,TRUE,卢森堡,卢森堡,卢森堡,卢森堡,卢森堡,500,10
198.41.253.0,443,TRUE,卢森堡,卢森堡,卢森堡,卢森堡,卢森堡,500,10
198.41.254.0,443,TRUE,卢森堡,卢森堡,卢森堡,卢森堡,卢森堡,500,10
198.41.255.0,443,TRUE,卢森堡,卢森堡,卢森堡,卢森堡,卢森堡,500,10
